A	artifacts/api-server/src/accounting-schema-exact-0105-backup.ts	<absent>	bcd002a1dfc63056a6e0016980da70be7bdd54f1
A	artifacts/api-server/src/accounting-schema-gate.ts	<absent>	6dcf9c4aeb6386523b94139e0f3e1b8b1857f115
A	artifacts/api-server/src/accounting-schema-inventory.ts	<absent>	48a7c9f3e2bcf87f33fd484fb2440c68f6744b51
A	artifacts/api-server/src/accounting-schema-steady-state.ts	<absent>	df5eac9974c44b52a8fe1afefc779612ff1dbccd
A	artifacts/api-server/test/accounting-evidence-migration-helper.ts	<absent>	cef81b94bfba3611681f61280bed2fc0b3e9e94b
A	artifacts/api-server/test/accounting-evidence-migration-rollback-empty.db.test.ts	<absent>	f90bb72caf6632d1a038ccb524c87b5f8f5387dc
A	artifacts/api-server/test/accounting-evidence-migration-rollback-guard.db.test.ts	<absent>	80efc85961df634e287e77322eb621ce56c1e2b6
A	artifacts/api-server/test/accounting-schema-gate.contract.test.ts	<absent>	49d50bc6d951ef05ff0ef791d07d4e248a1b9c9d
A	artifacts/api-server/test/accounting-schema-transition.db.test.ts	<absent>	243b8ed096fb509839bf9bac2e0890f2d0c7fcdf
A	artifacts/api-server/test/staging-exact-0105-backup-contract.test.ts	<absent>	6dafa76c0c8b9e3a6d2caf22ab865f1884bb1fe8
A	lib/db/migrations/0106_graceful_frog_thor.sql	<absent>	460c6074985e639917025cd0b3f5c5329d2d5320
A	lib/db/migrations/meta/0106_snapshot.json	<absent>	cf42dc8f2f9a885eb52d94de53b500ba856dc196
A	lib/db/rollbacks/0106_graceful_frog_thor.down.sql	<absent>	234d054d54ae7c866ca79f4d0517fa576846a62c
A	lib/db/src/accounting-schema-preflight.test.ts	<absent>	496cf3b62d99f47c0508333629f1ca7ed39085db
A	lib/db/src/accounting-schema-preflight.ts	<absent>	c49c6158835e362d8aacd5bd8b6ee134d7baa918
A	scripts/check-staging-accounting-0106-binding.mjs	<absent>	e39f80e478d100299943385a93c6ce3d320462c6
A	scripts/run-staging-accounting-0106-transition.mjs	<absent>	4714296a86bdbdd4a295779b4c9b1a0da98e8b58
A	scripts/run-staging-exact-0105-backup.mjs	<absent>	1af578807b7b18ba7746cd812f07041df2ccd80a
A	scripts/test/staging-accounting-0106-binding.test.mjs	<absent>	dd529c8bb6354b8235c0990b95528186667865b8
A	scripts/test/staging-accounting-0106-transition-runner.test.mjs	<absent>	d7467d84dbdf55a6fb55d761d3d1d83da29f0bcd
A	scripts/test/staging-exact-0105-backup-runner.test.mjs	<absent>	47702baa1ca6b18b88de58b0372d8f2e28af4663
A	scripts/verify-staging-accounting-0106-execution.mjs	<absent>	794e6d312ebb2b482ed5cf3455a5f2a6314ee39f
M	.env.staging.example	4ae0d30cecd8be1a52398d5a785014f01b0f770b	e6eac46f56154cc836bdcf524c006c2e1e34eacb
M	artifacts/api-server/build.mjs	f531962bfde73678ecaa72b7be2238c7b49c8751	f18ab4395e6b272e2e688ae9129b42a993ecabfa
M	artifacts/api-server/test/accounting-evidence-expand.contract.test.ts	a5b81b12fb3157426e35a1614c1ff1da01e639ac	120bc52d9fda0603b50ae675bf5c00a67b383630
M	artifacts/api-server/test/accounting-evidence-expand.db.test.ts	126de44395637cb4b9747ca8e618cfae4e47c0a3	543d809ab84a2596a0e8079569749373b5b1d50f
M	artifacts/api-server/test/accounting-warehouse-price-parity-audit.db.test.ts	f6a96c9bafac6382f5246edb73c0c5656e561ce5	8c4134c6cd4b631906a472c4ff8ad6e4528ce209
M	artifacts/api-server/test/accounting-warehouse-price-persistence.db.test.ts	df54b3bfa1f9948d1d1724d197f3914ff6f40bb6	55d5f4ef853a2cf4c0baddb85bbe01c740f88a78
M	artifacts/api-server/test/cost-document-approval-accounting-dual-write.db.test.ts	cebb8ccbe08d8578c73dbe9518541f251de41264	a3d6fcaec958fb2cc4accb7796e834f2e6c7cfc3
M	artifacts/api-server/test/cost-document-correction-accounting-dual-write.db.test.ts	391e30d32ee1c1941e632081129cdd0d628aef2c	917c091ce1f50c456d6298680b88cc8cc74d60c6
M	artifacts/api-server/test/cost-document-disposition-accounting-dual-write.db.test.ts	5d8904d2945034fb77edc1ad8855f7d6154bceec	4e234050bb7ed255393a0bb400f360eb3db561c2
M	artifacts/api-server/test/cost-document-warehouse-price-accounting-dual-write.db.test.ts	7927b6234963e7e712c501985ee085ab16572d53	53f489d47d7ab099c5af366c6784eef056a3c455
M	artifacts/api-server/test/invoice-cancellation-accounting-dual-write.db.test.ts	ba28bd09397c7cb1b75718dfb5026e79e5be754c	f5a369acfdb4273c5e015a860a020340b55093b4
M	artifacts/api-server/test/invoice-issue-accounting-dual-write.db.test.ts	e46bd389f9c32e5a303d9a9a7ce9b7bcd2e85e3a	cdc86fae8dac5ab35504e3a196e4dbda763c1995
M	artifacts/api-server/test/invoice-status-payment-accounting-dual-write.db.test.ts	0349cda8197cc26e4d2d3d0e720247bade4b7229	2be2f0a060aeecce4347ab090fdbfcb0e6cab11e
M	artifacts/api-server/test/migration-lineage-integration.contract.test.ts	93ecce5e44e845e5cbd04140be9146a4c3323e90	e967f0e65aec9f00b301480404a7ba366656bc32
M	docker-compose.staging.yml	4565bcd74cf2d6d0567a65a024551d17eaaefba3	32d19ec7302da854c2d4ffc983b084245b40aa34
M	docs/audit/16-c3-staging-provisioning.template.json	63da945ee3d86601781d1bd46eff9fc13bd833cb	e68650d4766f341e90db7bf3fc4120d3d95c6bb1
M	lib/db/migrations/meta/_journal.json	b99c8c107f14d5c3053a142bd6f44ddfc399b471	5d674371f6a7856b62d87913c8104fb27002d791
M	lib/db/package.json	f9ce1b641b3803257471d80a2cc8ab2064596450	321e8dcb371f9ee1e5bff0a13dc7f2db23831aa8
M	lib/db/src/external-schema-preflight.test.ts	d6cfea0486b8299e5d2f597fc0360b287e219f2f	d3b7c6441ae22b2d61489267583d8809b48e0942
M	lib/db/src/external-schema-preflight.ts	8087be3293406323f38e0f5d4c79b31a74fc9279	597c360e22506f8b9f0dc06ee6a38711d1a7db76
M	lib/db/src/schema/accounting-evidence.ts	297a241df05bf10f77ecaa4cc51dfd9e8852ff6b	7c79e72d9877a1772aeec44b5f15d5a17f1ef44c
M	package.json	2a9e817d2eee4f441ddc6ab0c8c78bdccc03ddd5	a6e6b0093fc9c37cc70d1d0873a4f1cf2f348e2c
M	scripts/check-staging-deployment-binding.mjs	298e3a6afa099936699d00a50f56124f1d153614	fb17d61626595e83b8b832eb4e981c0c76a9ef51
M	scripts/check-staging-provisioning.mjs	86b61a314e0e99668c047dee3700f6bb073e6688	b128a4d7c2a9b448818d34074fce23c2d2b0ddf1
M	scripts/check-staging-runtime-contract.mjs	e5974e7d952a6fad2ddee46e79f173adefd22e37	58efbc8d7a553bacde0f2b6bbe58799043bf0ec5
M	scripts/test/staging-deployment-binding.test.mjs	c55100e65d2842df755ca9b4a89635ba4d5dcf5a	219772860bebe0cb43a3a6937559cbcc178df536
M	scripts/test/staging-runtime-contract.test.mjs	5030d0a3af3b9797b11d416a43dc7a616cb390c5	22f4b1895e7d0b3f9c41088e2fd2644cf64230d8
